name,website
Naseems Accountants,naseems.co.uk
UKZ Accountancy Services,ukzaccountancy.com
Gondal Accountancy,gondalaccountancy.co.uk
Taxcare Accountants,taxcare.org.uk
Agile Accountants,agileaccountants.co.uk
name,website
Avenues Financial,avenuesfinancial.com
George Dimov CPA,dimovtax.com
indinero,indinero.com
Zenbooks,zenbooks.ca
Safe Harbor LLP,safeharborcpa.com
Mandel & King CPAs,mandelking.com
Appletree Business Services,appletreebusiness.com
Solely Bookkeeping,solelybookkeeping.co.uk
Rise Accounting,riseaccounting.co.uk
George Dimov CPA UK,georgedimov.com
Accounting Freedom Ltd,accountingfreedom.com
CWA Accounting,cwa-accounting.com
The Charneske Group,charneskegroup.com
Osaghae & Associates,osaghae.com
Accountant Partners,accountantpartners.com
Warady & Davis,waradydavis.com
Jack Ross,jackross.com
Harold Sharp,haroldsharp.co.uk
Bookkeeping Birmingham,bookkeepingbirmingham.co.uk
William P Connor CPA,wpconnorcpa.com
Accounts And Legal,accountsandlegal.co.uk
Pacific Accounting,pacificaccounting.com
Ravix Group,ravixgroup.com
Clarity Tax Group,claritytaxgroup.com
Acenteus Accounting,acenteus.com
Price Bailey,pricebailey.co.uk
Reflex Accounting,reflexaccounting.co.uk
S&W Group,swgroup.com
DJH Manchester,djh.co.uk
B.O.L. Global,bolglobalcpa.com
Custom Accounting Inc,customaccounting.com
Haque CPA,haquecpa.com
Inemer Cohen & Wolf,icwlp.com
Miller & Company LLP,cpafirmnyc.com
Ahad&Co CPA,ahadcpa.com
Fisch Financial,fischfinancial.com
Haines and Associates,hainesandassoc.com
Foresight Accounting,foresightaccounting.com
Jones Harrington & Co,jonesharrington.com
Favor & Co,favorcpa.com
Robert H Lewin,roberthlewin.com
BookCheck,bookcheck.co.uk
Ignite Spot Accounting,ignitespot.com
Noble Accounting LLC,nobleaccountingllc.com
Life in Balance Bookkeeping,lifeinbalancebookkeeping.com
Acuity Accounting,acuity.co
Supporting Strategies,supportingstrategies.com
Hiline,hiline.co
Profit Builders,profitbuilders.com
Countsy,countsy.com
BerganKDV,bergankdv.com
SPRCHRGR,sprchrgr.com
GrowthForce,growthforce.com
Burkland,burklandassociates.com
BELAY,belaysolutions.com
Auxillo Partners,auxillo.com
KitchenSync,kitchensync.com
Canyon Management,canyonmgmt.com
Attivo Partners,attivopartners.com
